{"home_76561198020809033":{"Name":"home","Owner":76561198020809033,"Location":{"x":-1322.19617,"y":-390.106842}}}